<metadata xml:lang="en"><Esri><CreaDate>20240214</CreaDate><CreaTime>10034000</CreaTime><ArcGISFormat>1.0</ArcGISFormat><SyncOnce>FALSE</SyncOnce><DataProperties><itemProps><itemName Sync="TRUE">BC_ResourceRegion</itemName><imsContentType Sync="TRUE">002</imsContentType><itemSize Sync="TRUE">0.000</itemSize><itemLocation><linkage Sync="TRUE">file://\\FRST-FRM-2221C\F$\Research\BC_forest\Prj_25\data\BC_ResourceRegion.shp</linkage><protocol Sync="TRUE">Local Area Network</protocol></itemLocation></itemProps><coordRef><type Sync="TRUE">Projected</type><geogcsn Sync="TRUE">GCS_WGS_1984</geogcsn><csUnits Sync="TRUE">Linear Unit: Meter (1.000000)</csUnits><projcsn Sync="TRUE">WGS_1984_Web_Mercator_Auxiliary_Sphere</projcsn><peXml Sync="TRUE">&lt;ProjectedCoordinateSystem xsi:type='typens:ProjectedCoordinateSystem' xmlns:xsi='http://www.w3.org/2001/XMLSchema-instance' xmlns:xs='http://www.w3.org/2001/XMLSchema' xmlns:typens='http://www.esri.com/schemas/ArcGIS/3.5.0'&gt;&lt;WKT&gt;PROJCS[&amp;quot;WGS_1984_Web_Mercator_Auxiliary_Sphere&amp;quot;,GEOGCS[&amp;quot;GCS_WGS_1984&amp;quot;,DATUM[&amp;quot;D_WGS_1984&amp;quot;,SPHEROID[&amp;quot;WGS_1984&amp;quot;,6378137.0,298.257223563]],PRIMEM[&amp;quot;Greenwich&amp;quot;,0.0],UNIT[&amp;quot;Degree&amp;quot;,0.0174532925199433]],PROJECTION[&amp;quot;Mercator_Auxiliary_Sphere&amp;quot;],PARAMETER[&amp;quot;False_Easting&amp;quot;,0.0],PARAMETER[&amp;quot;False_Northing&amp;quot;,0.0],PARAMETER[&amp;quot;Central_Meridian&amp;quot;,0.0],PARAMETER[&amp;quot;Standard_Parallel_1&amp;quot;,0.0],PARAMETER[&amp;quot;Auxiliary_Sphere_Type&amp;quot;,0.0],UNIT[&amp;quot;Meter&amp;quot;,1.0],AUTHORITY[&amp;quot;EPSG&amp;quot;,3857]]&lt;/WKT&gt;&lt;XOrigin&gt;-20037700&lt;/XOrigin&gt;&lt;YOrigin&gt;-30241100&lt;/YOrigin&gt;&lt;XYScale&gt;148923141.92838538&lt;/XYScale&gt;&lt;ZOrigin&gt;-100000&lt;/ZOrigin&gt;&lt;ZScale&gt;10000&lt;/ZScale&gt;&lt;MOrigin&gt;-100000&lt;/MOrigin&gt;&lt;MScale&gt;10000&lt;/MScale&gt;&lt;XYTolerance&gt;0.001&lt;/XYTolerance&gt;&lt;ZTolerance&gt;0.001&lt;/ZTolerance&gt;&lt;MTolerance&gt;0.001&lt;/MTolerance&gt;&lt;HighPrecision&gt;true&lt;/HighPrecision&gt;&lt;WKID&gt;102100&lt;/WKID&gt;&lt;LatestWKID&gt;3857&lt;/LatestWKID&gt;&lt;/ProjectedCoordinateSystem&gt;</peXml></coordRef><lineage><Process ToolSource="c:\program files\arcgis\pro\Resources\ArcToolbox\toolboxes\Conversion Tools.tbx\ExportFeatures" Date="20240214" Time="100341">ExportFeatures Canada_Provincial_boundaries_generalized S:\GIS_Repository\Shared_Data\GISVector\Canada\Canada_PVN\Canada_Provincial_boundaries_generalized.shp # NOT_USE_ALIAS "Name_EN "English Name" true true false 254 Text 0 0,First,#,Canada_Provincial_boundaries_generalized,Name_EN,0,253;Nom_Fr "French Name" true true false 50 Text 0 0,First,#,Canada_Provincial_boundaries_generalized,Nom_Fr,0,49;postal "Abbreviation" true true false 10 Text 0 0,First,#,Canada_Provincial_boundaries_generalized,postal,0,9;Shape__Area "Shape__Area" false true true 0 Double 0 0,First,#,Canada_Provincial_boundaries_generalized,Shape__Area,-1,-1;Shape__Length "Shape__Length" false true true 0 Double 0 0,First,#,Canada_Provincial_boundaries_generalized,Shape__Length,-1,-1" #</Process><Process ToolSource="c:\program files\arcgis\pro\Resources\ArcToolbox\toolboxes\Analysis Tools.tbx\Intersect" Date="20240214" Time="100522">Intersect "Canada_Provincial_boundaries_generalized #;'Resource Region and Provincial Boundary' #" F:\ArcGISPro\BC_Portal\BC_Portal.gdb\BCResourceRegion "All attributes" # "Same as input"</Process><Process ToolSource="c:\program files\arcgis\pro\Resources\ArcToolbox\toolboxes\Conversion Tools.tbx\ExportFeatures" Date="20250610" Time="114453">ExportFeatures BCResourceRegion F:\temp\resourceregion.shp # NOT_USE_ALIAS "FID_Canada_Provincial_boundaries_generalized "FID_Canada_Provincial_boundaries_generalized" true true false 4 Long 0 0,First,#,BCResourceRegion,FID_Canada_Provincial_boundaries_generalized,-1,-1;Name_EN "Name_EN" true true false 254 Text 0 0,First,#,BCResourceRegion,Name_EN,0,253;Nom_Fr "Nom_Fr" true true false 50 Text 0 0,First,#,BCResourceRegion,Nom_Fr,0,49;postal "postal" true true false 10 Text 0 0,First,#,BCResourceRegion,postal,0,9;Shape__Are "Shape__Are" true true false 8 Double 0 0,First,#,BCResourceRegion,Shape__Are,-1,-1;Shape__Len "Shape__Len" true true false 8 Double 0 0,First,#,BCResourceRegion,Shape__Len,-1,-1;FID_L5Resource_Region_and_Provincial_Boundary "FID_L5Resource_Region_and_Provincial_Boundary" true true false 4 Long 0 0,First,#,BCResourceRegion,FID_L5Resource_Region_and_Provincial_Boundary,-1,-1;REGION_NAME "REGION_NAME" true true false 240 Text 0 0,First,#,BCResourceRegion,REGION_NAME,0,239;ORG_UNIT "ORG_UNIT" true true false 3 Text 0 0,First,#,BCResourceRegion,ORG_UNIT,0,2;ORG_UNIT_NAME "ORG_UNIT_NAME" true true false 100 Text 0 0,First,#,BCResourceRegion,ORG_UNIT_NAME,0,99;FEATURE_CODE "FEATURE_CODE" true true false 10 Text 0 0,First,#,BCResourceRegion,FEATURE_CODE,0,9;FEATURE_AREA_SQM "FEATURE_AREA_SQM" true true false 8 Double 0 0,First,#,BCResourceRegion,FEATURE_AREA_SQM,-1,-1;FEATURE_LENGTH_M "FEATURE_LENGTH_M" true true false 8 Double 0 0,First,#,BCResourceRegion,FEATURE_LENGTH_M,-1,-1;Region "Region" true true false 50 Text 0 0,First,#,BCResourceRegion,Region,0,49;Shape_Length "Shape_Length" false true true 8 Double 0 0,First,#,BCResourceRegion,Shape_Length,-1,-1;Shape_Area "Shape_Area" false true true 8 Double 0 0,First,#,BCResourceRegion,Shape_Area,-1,-1" #</Process><Process ToolSource="c:\program files\arcgis\pro\Resources\ArcToolbox\toolboxes\Data Management Tools.tbx\Dissolve" Date="20250611" Time="102824">Dissolve resourceregion F:\Research\BC_forest\Prj_25\data\BC_ResourceRegion.shp REGION_NAM # MULTI_PART DISSOLVE_LINES #</Process></lineage></DataProperties><SyncDate>20250611</SyncDate><SyncTime>10282300</SyncTime><ModDate>20250611</ModDate><ModTime>10282300</ModTime></Esri><dataIdInfo><envirDesc Sync="TRUE">Microsoft Windows 10 Version 10.0 (Build 19045) ; Esri ArcGIS 13.5.0.57366</envirDesc><dataLang><languageCode value="eng" Sync="TRUE"></languageCode><countryCode value="CAN" Sync="TRUE"></countryCode></dataLang><idCitation><resTitle Sync="TRUE">BC_ResourceRegion</resTitle><presForm><PresFormCd value="005" Sync="TRUE"></PresFormCd></presForm></idCitation><spatRpType><SpatRepTypCd value="001" Sync="TRUE"></SpatRepTypCd></spatRpType></dataIdInfo><mdLang><languageCode value="eng" Sync="TRUE"></languageCode><countryCode value="CAN" Sync="TRUE"></countryCode></mdLang><mdChar><CharSetCd value="004" Sync="TRUE"></CharSetCd></mdChar><distInfo><distFormat><formatName Sync="TRUE">Shapefile</formatName></distFormat><distTranOps><transSize Sync="TRUE">0.000</transSize></distTranOps></distInfo><mdHrLv><ScopeCd value="005" Sync="TRUE"></ScopeCd></mdHrLv><mdHrLvName Sync="TRUE">dataset</mdHrLvName><refSysInfo><RefSystem><refSysID><identCode code="3857" Sync="TRUE"></identCode><idCodeSpace Sync="TRUE">EPSG</idCodeSpace><idVersion Sync="TRUE">6.18.3(9.3.1.2)</idVersion></refSysID></RefSystem></refSysInfo><spatRepInfo><VectSpatRep><geometObjs Name="BC_ResourceRegion"><geoObjTyp><GeoObjTypCd value="002" Sync="TRUE"></GeoObjTypCd></geoObjTyp><geoObjCnt Sync="TRUE">0</geoObjCnt></geometObjs><topLvl><TopoLevCd value="001" Sync="TRUE"></TopoLevCd></topLvl></VectSpatRep></spatRepInfo><spdoinfo><ptvctinf><esriterm Name="BC_ResourceRegion"><efeatyp Sync="TRUE">Simple</efeatyp><efeageom code="4" Sync="TRUE"></efeageom><esritopo Sync="TRUE">FALSE</esritopo><efeacnt Sync="TRUE">0</efeacnt><spindex Sync="TRUE">FALSE</spindex><linrefer Sync="TRUE">FALSE</linrefer></esriterm></ptvctinf></spdoinfo><eainfo><detailed Name="BC_ResourceRegion"><enttyp><enttypl Sync="TRUE">BC_ResourceRegion</enttypl><enttypt Sync="TRUE">Feature Class</enttypt><enttypc Sync="TRUE">0</enttypc></enttyp><attr><attrlabl Sync="TRUE">FID</attrlabl><attalias Sync="TRUE">FID</attalias><attrtype Sync="TRUE">OID</attrtype><attwidth Sync="TRUE">4</attwidth><atprecis Sync="TRUE">0</atprecis><attscale Sync="TRUE">0</attscale><attrdef Sync="TRUE">Internal feature number.</attrdef><attrdefs Sync="TRUE">Esri</attrdefs><attrdomv><udom Sync="TRUE">Sequential unique whole numbers that are automatically generated.</udom></attrdomv></attr><attr><attrlabl Sync="TRUE">Shape</attrlabl><attalias Sync="TRUE">Shape</attalias><attrtype Sync="TRUE">Geometry</attrtype><attwidth Sync="TRUE">0</attwidth><atprecis Sync="TRUE">0</atprecis><attscale Sync="TRUE">0</attscale><attrdef Sync="TRUE">Feature geometry.</attrdef><attrdefs Sync="TRUE">Esri</attrdefs><attrdomv><udom Sync="TRUE">Coordinates defining the features.</udom></attrdomv></attr><attr><attrlabl Sync="TRUE">REGION_NAM</attrlabl><attalias Sync="TRUE">REGION_NAM</attalias><attrtype Sync="TRUE">String</attrtype><attwidth Sync="TRUE">240</attwidth><atprecis Sync="TRUE">0</atprecis><attscale Sync="TRUE">0</attscale></attr></detailed></eainfo><mdDateSt Sync="TRUE">20250611</mdDateSt></metadata>
